,Unnamed: 0,country_id,Country,Code,Region,HappinessRank,HappinessScore,LowerConfidenceInterval,UpperConfidenceInterval,Economy_GDPperCapita,Family,Health_LifeExpectancy,Freedom,Trust_GovernmentCorruption,Generosity,DystopiaResidual,Latitude,Longitude
0,0,1,Afghanistan,AF,Southern Asia,154,3.36,3.2880000000000003,3.432,0.38227,0.11037000000000001,0.17344,0.1643,0.07112,0.31268,2.14558,33.93911,67.709953
1,1,2,Albania,AL,Central and Eastern Europe,109,4.655,4.546,4.763999999999999,0.9553,0.50163,0.73007,0.31866,0.05301,0.1684,1.9281599999999999,41.153332,20.168331
2,2,3,Algeria,DZ,Middle East and Northern Africa,38,6.355,6.227,6.483,1.05266,0.83309,0.6180399999999999,0.21006,0.16157,0.07044,3.40904,28.033886,1.6596259999999998
3,3,4,Angola,AO,Sub-Saharan Africa,141,3.866,3.753,3.9789999999999996,0.84731,0.66366,0.04991,0.00589,0.08434,0.12070999999999996,2.09459,-11.202692,17.873887
4,4,5,Argentina,AR,Latin America and Caribbean,26,6.65,6.56,6.74,1.15137,1.0661200000000002,0.69711,0.42283999999999994,0.07296,0.10989000000000004,3.12985,-38.416097,-63.61667199999999
5,5,6,Armenia,AM,Central and Eastern Europe,121,4.36,4.266,4.454,0.8608600000000001,0.6247699999999999,0.64083,0.14037,0.036160000000000005,0.07793,1.9786400000000002,40.069099,45.038189
6,6,7,Australia,AU,Australia and New Zealand,9,7.313,7.2410000000000005,7.385,1.4444299999999999,1.10476,0.8512,0.5683699999999999,0.32331,0.47407,2.5465,-25.274398,133.775136
7,7,8,Austria,AT,Western Europe,12,7.119,7.045,7.193,1.45038,1.0838299999999998,0.80565,0.54355,0.2134800000000001,0.32865,2.6934299999999998,47.516231,14.550072
8,8,9,Azerbaijan,AZ,Central and Eastern Europe,81,5.291,5.226,5.356,1.12373,0.76042,0.54504,0.35327,0.17914000000000002,0.0564,2.2735,40.143105,47.57692700000001
9,9,10,Bahrain,BH,Middle East and Northern Africa,42,6.218,6.127999999999999,6.308,1.44024,0.9439700000000001,0.65696,0.47375,0.25772,0.17147,2.27405,26.0667,50.5577
10,10,11,Bangladesh,BD,Southern Asia,110,4.643,4.56,4.726,0.54177,0.24749000000000002,0.52989,0.39778,0.12583,0.19132000000000002,2.6090400000000002,23.684994,90.356331
11,11,12,Belarus,BY,Central and Eastern Europe,61,5.8020000000000005,5.723,5.881,1.1306200000000002,1.04993,0.6310399999999999,0.29091,0.17457,0.13942000000000002,2.3858200000000003,53.709807,27.953389
12,12,13,Belgium,BE,Western Europe,18,6.928999999999999,6.8610000000000015,6.997000000000001,1.42539,1.05249,0.8195899999999999,0.51354,0.26248,0.2424,2.61355,50.503887,4.469936
13,13,14,Belize,BZ,Latin America and Caribbean,52,5.956,5.71,6.202000000000001,0.87616,0.68655,0.45569,0.51231,0.10770999999999999,0.23684000000000002,3.08039,17.189877,-88.49765
14,14,15,Benin,BJ,Sub-Saharan Africa,153,3.484,3.404,3.5639999999999996,0.39499,0.10419,0.21028000000000002,0.39747,0.06681000000000001,0.2018,2.10812,9.30769,2.315834
15,15,16,Bhutan,BT,Southern Asia,84,5.1960000000000015,5.138,5.254,0.8527,0.9083600000000001,0.49759,0.46074,0.1616,0.4854600000000001,1.82916,27.514162,90.433601
16,16,17,Bolivia,BO,Latin America and Caribbean,59,5.822,5.74,5.904,0.79422,0.8377899999999999,0.4697,0.50961,0.07746,0.21698,2.91635,-16.290154,-63.588653
17,17,18,Bosnia and Herzegovina,BA,Central and Eastern Europe,87,5.162999999999999,5.063,5.263,0.9338299999999999,0.64367,0.7076600000000001,0.09511,0.0,0.29889,2.48406,43.915886,17.679076000000006
18,18,19,Botswana,BW,Sub-Saharan Africa,137,3.9739999999999998,3.875,4.073,1.09426,0.89186,0.34752,0.44088999999999995,0.10769000000000001,0.12425,0.96741,-22.328474,24.684866
19,19,20,Brazil,BR,Latin America and Caribbean,17,6.952000000000001,6.875,7.029,1.08754,1.03938,0.61415,0.40425,0.14165999999999998,0.15775999999999998,3.5073300000000005,-14.235004,-51.92528
20,20,21,Bulgaria,BG,Central and Eastern Europe,129,4.217,4.104,4.33,1.11306,0.92542,0.67806,0.21219000000000002,0.00615,0.12793,1.15377,42.733883,25.48583
21,21,22,Burkina Faso,BF,Sub-Saharan Africa,145,3.739,3.647,3.8310000000000004,0.31995,0.63054,0.21297,0.3337,0.12533,0.24353000000000002,1.8731900000000001,12.238333,-1.561593
22,22,23,Burundi,BI,Sub-Saharan Africa,157,2.905,2.7319999999999998,3.0780000000000003,0.06831,0.23442,0.15747,0.0432,0.09419,0.2029,2.1040400000000004,-3.373056,29.918886
23,23,24,Cambodia,KH,Southeastern Asia,140,3.907,3.798,4.016,0.55604,0.5375,0.42494,0.5885199999999999,0.08092,0.40339,1.3157299999999998,12.565679,104.990963
24,24,25,Cameroon,CM,Sub-Saharan Africa,114,4.513,4.417,4.609,0.5249699999999999,0.62542,0.12697999999999998,0.42736,0.06126,0.2268,2.5198,7.3697219999999986,12.354722
25,25,26,Canada,CA,North America,6,7.404,7.335,7.473,1.44015,1.0961,0.8276,0.5737,0.31329,0.44833999999999996,2.70485,56.130366,-106.346771
26,26,28,Chad,TD,Sub-Saharan Africa,144,3.763,3.6719999999999997,3.8539999999999996,0.42213999999999996,0.63178,0.038239999999999996,0.12807000000000002,0.04952,0.18667,2.3063700000000003,15.454166,18.732207
27,27,29,Chile,CL,Latin America and Caribbean,24,6.705,6.615,6.795,1.2167,0.9058700000000001,0.8188300000000001,0.37789,0.11450999999999999,0.31595,2.95505,-35.675147,-71.542969
28,28,30,China,CN,Eastern Asia,83,5.245,5.199,5.291,1.0278,0.79381,0.73561,0.44011999999999996,0.02745,0.049589999999999995,2.17087,35.86166,104.195397
29,29,31,Colombia,CO,Latin America and Caribbean,31,6.481,6.3839999999999995,6.577999999999999,1.0303200000000001,1.02169,0.59659,0.44735,0.053989999999999996,0.15625999999999998,3.1747099999999997,4.570868,-74.297333
30,30,32,Comoros,KM,Sub-Saharan Africa,138,3.9560000000000004,3.86,4.052,0.27509,0.60323,0.29980999999999997,0.15412,0.18437,0.1827,2.25632,-11.6455,43.3333
31,31,33,Congo (Brazzaville),CG,Sub-Saharan Africa,127,4.2360000000000015,4.107,4.365,0.7710899999999999,0.47798999999999997,0.28212,0.37938,0.09752999999999999,0.12077,2.10681,-0.228021,15.827659
32,32,34,Congo (Kinshasa),CD,Sub-Saharan Africa,125,4.272,4.191,4.353,0.05661,0.80676,0.188,0.15602,0.06075,0.25458000000000003,2.7492400000000004,-4.0383330000000015,21.758664000000003
33,33,35,Costa Rica,CR,Latin America and Caribbean,14,7.0870000000000015,6.999,7.175,1.06879,1.02152,0.76146,0.55225,0.10547000000000001,0.22553,3.3516800000000004,9.748917,-83.753428
34,34,36,Croatia,HR,Central and Eastern Europe,74,5.4879999999999995,5.402,5.574,1.18649,0.6080899999999999,0.70524,0.23906999999999998,0.04002,0.18434,2.52462,45.1,15.2000001
35,35,37,Cyprus,CY,Western Europe,69,5.546,5.442,5.65,1.31857,0.70697,0.8488,0.29507,0.05227999999999999,0.27906,2.04497,35.126413,33.429859
36,36,38,Czech Republic,CZ,Central and Eastern Europe,27,6.596,6.515,6.6770000000000005,1.30915,1.00793,0.76376,0.41418,0.03986,0.09929,2.96211,49.81749199999999,15.472962
37,37,39,Denmark,DK,Western Europe,1,7.526,7.46,7.5920000000000005,1.4417799999999998,1.16374,0.79504,0.5794100000000001,0.44453000000000004,0.36171,2.73939,56.26392,9.501785
38,38,41,Dominican Republic,DO,Latin America and Caribbean,89,5.155,5.037,5.273,1.02787,0.9949600000000001,0.5766899999999999,0.52259,0.12372000000000001,0.21286,1.6962599999999999,18.735693,-70.162651
39,39,42,Ecuador,EC,Latin America and Caribbean,51,5.976,5.88,6.072,0.97306,0.85974,0.68613,0.4027,0.18037,0.10074,2.77366,-1.831239,-78.18340599999998
40,40,43,Egypt,EG,Middle East and Northern Africa,120,4.362,4.2589999999999995,4.465,0.95395,0.49813,0.5211600000000001,0.18847,0.10393,0.12705999999999998,1.96895,26.820553000000004,30.802498
41,41,44,El Salvador,SV,Latin America and Caribbean,46,6.068,5.9670000000000005,6.169,0.8737,0.80975,0.596,0.37269,0.10613,0.08877,3.22134,13.794185,-88.89653
42,42,45,Estonia,EE,Central and Eastern Europe,72,5.517,5.437,5.597,1.2796399999999999,1.0516299999999998,0.68098,0.41511000000000003,0.18519000000000002,0.08423,1.81985,58.595272,25.0136071
43,43,46,Ethiopia,ET,Sub-Saharan Africa,115,4.508,4.425,4.591,0.29283000000000003,0.37932,0.34578000000000003,0.36703,0.1717,0.29522,2.65614,9.145,40.489673
44,44,47,Finland,FI,Western Europe,5,7.4129999999999985,7.351,7.475,1.40598,1.1346399999999999,0.81091,0.57104,0.41003999999999996,0.25492,2.82596,61.92410999999999,25.7481511
45,45,48,France,FR,Western Europe,32,6.478,6.397,6.559,1.39488,1.00508,0.83795,0.46562,0.17808,0.1216,2.4744,46.227638,2.213749
46,46,49,Gabon,GA,Sub-Saharan Africa,134,4.121,4.03,4.212,1.15851,0.72368,0.3494,0.28098,0.09314,0.062439999999999996,1.4533200000000002,-0.803689,11.609444
47,47,50,Georgia,GE,Central and Eastern Europe,126,4.252,4.164,4.34,0.8379200000000001,0.19249000000000002,0.64035,0.32461,0.3188,0.06786,1.87031,32.1656221,-82.9000751
48,48,51,Germany,DE,Western Europe,16,6.994,6.93,7.058,1.44787,1.09774,0.81487,0.53466,0.28551,0.30451999999999996,2.5093099999999997,51.165691,10.451526
49,49,52,Ghana,GH,Sub-Saharan Africa,124,4.276,4.185,4.367,0.63107,0.49353,0.29681,0.40973000000000004,0.0326,0.21203000000000002,2.2002,7.9465270000000015,-1.0231940000000002
50,50,53,Greece,GR,Western Europe,99,5.033,4.935,5.131,1.24886,0.75473,0.80029,0.058220000000000015,0.04127,0.0,2.12944,39.074208,21.824312
51,51,54,Guatemala,GT,Latin America and Caribbean,39,6.324,6.212999999999999,6.435,0.83454,0.8711899999999999,0.5403899999999999,0.50379,0.08701,0.28808,3.19863,15.783471,-90.23075899999999
52,52,55,Guinea,GN,Sub-Saharan Africa,151,3.6069999999999998,3.533,3.681,0.22415,0.3109,0.18829,0.30953,0.1192,0.29914,2.15604,9.945587,-9.696645
53,53,56,Haiti,HT,Latin America and Caribbean,136,4.0280000000000005,3.8930000000000002,4.163,0.34097,0.29561,0.27494,0.12072000000000001,0.14476,0.47958,2.3711599999999997,18.971187,-72.28521500000002
54,54,57,Honduras,HN,Latin America and Caribbean,104,4.871,4.75,4.992,0.69429,0.7559600000000001,0.5838300000000001,0.26755,0.06906,0.2044,2.2955099999999997,15.199998999999998,-86.241905
55,55,58,Hong Kong,HK,Eastern Asia,75,5.4579999999999975,5.362,5.553999999999999,1.5107,0.87021,0.9527700000000001,0.48078999999999994,0.31647,0.40097,0.92614,22.396428,114.109497
56,56,59,Hungary,HU,Central and Eastern Europe,91,5.145,5.056,5.234,1.24142,0.9316399999999999,0.67608,0.1977,0.044719999999999996,0.099,1.9547299999999999,47.162494,19.5033041
57,57,60,Iceland,IS,Western Europe,3,7.501,7.3329999999999975,7.669,1.42666,1.18326,0.8673299999999999,0.56624,0.14975,0.47678000000000004,2.83137,64.96305100000001,-19.020835
58,58,61,India,IN,Southern Asia,118,4.404,4.351,4.457,0.74036,0.29247,0.45091000000000003,0.40285,0.08722,0.25028,2.18032,20.593684,78.96288
59,59,62,Indonesia,ID,Southeastern Asia,79,5.314,5.237,5.391,0.95104,0.87625,0.49373999999999996,0.39237,0.00322,0.56521,2.03171,-0.789275,113.921327
60,60,63,Iran,IR,Middle East and Northern Africa,105,4.813,4.703,4.923,1.11758,0.38856999999999997,0.64232,0.22544,0.0557,0.38538,1.99817,32.427908,53.68804599999999
61,61,64,Iraq,IQ,Middle East and Northern Africa,112,4.575,4.4460000000000015,4.704,1.07474,0.59205,0.51076,0.24856,0.13635999999999998,0.19589,1.81657,33.223191,43.679291
62,62,65,Ireland,IE,Western Europe,19,6.907,6.836,6.978,1.4834100000000001,1.16157,0.81455,0.54008,0.29754,0.44963000000000003,2.15988,53.41291,-8.243889999999999
63,63,66,Israel,IL,Middle East and Northern Africa,11,7.267,7.199,7.335,1.33766,0.9953700000000001,0.8491700000000001,0.36432,0.08728,0.32288,3.31029,31.046051,34.851612
64,64,67,Italy,IT,Western Europe,50,5.977,5.898,6.056,1.35495,1.04167,0.8510200000000001,0.18827,0.02556,0.16684000000000002,2.34918,41.87194,12.56738
65,65,68,Ivory Coast,CI,Sub-Saharan Africa,139,3.9160000000000004,3.826,4.006,0.55507,0.57576,0.04476,0.40663,0.1553,0.20338,1.97478,7.5399889999999985,-5.547079999999999
66,66,69,Jamaica,JM,Latin America and Caribbean,73,5.51,5.315,5.705,0.89333,0.96372,0.5946899999999999,0.43596999999999997,0.04294,0.22245,2.35682,18.109581,-77.297508
67,67,70,Japan,JP,Eastern Asia,53,5.921,5.85,5.992000000000001,1.3800700000000001,1.06054,0.91491,0.46761,0.18985,0.10224,1.8058400000000001,36.204824,138.252924
68,68,71,Jordan,JO,Middle East and Northern Africa,80,5.303,5.187,5.419,0.9967299999999999,0.86216,0.60712,0.36023,0.13297,0.14262,2.20142,30.585164,36.238414
69,69,72,Kazakhstan,KZ,Central and Eastern Europe,54,5.919,5.8370000000000015,6.001,1.22943,0.95544,0.57386,0.4052,0.11132,0.15011,2.49325,48.019573,66.923684
70,70,73,Kenya,KE,Sub-Saharan Africa,122,4.356,4.2589999999999995,4.453,0.52267,0.7624,0.30146999999999996,0.40576,0.06686,0.41328000000000004,1.88326,-0.023559,37.906193
71,71,74,Kosovo,XK,Central and Eastern Europe,77,5.401,5.308,5.494,0.90145,0.66062,0.54,0.14396,0.06547,0.27992,2.80998,42.6026359,20.902977
72,72,75,Kuwait,KW,Middle East and Northern Africa,41,6.239,6.154,6.324,1.61714,0.8775799999999999,0.63569,0.43166000000000004,0.23669,0.15965,2.28085,29.31166,47.481766
73,73,76,Kyrgyzstan,KG,Central and Eastern Europe,85,5.185,5.103,5.267,0.5604399999999999,0.95434,0.5544899999999999,0.40212,0.047619999999999996,0.38432,2.28136,41.20438,74.766098
74,74,77,Laos,LA,Southeastern Asia,102,4.876,4.742,5.01,0.68042,0.5497,0.38291,0.52168,0.22423,0.43078999999999995,2.08637,19.85627,102.495496
75,75,78,Latvia,LV,Central and Eastern Europe,68,5.56,5.4860000000000015,5.6339999999999995,1.2178799999999999,0.95025,0.63952,0.27996,0.0889,0.17445,2.20859,56.879635,24.603189
76,76,79,Lebanon,LB,Middle East and Northern Africa,93,5.129,5.0310000000000015,5.227,1.12268,0.64184,0.76171,0.26228,0.030610000000000002,0.2369300000000001,2.0733900000000003,33.854721000000005,35.862285
77,77,81,Liberia,LR,Sub-Saharan Africa,150,3.622,3.463,3.781,0.10705999999999999,0.50353,0.23165,0.25748000000000004,0.04852,0.24063,2.23284,6.4280550000000005,-9.429499000000002
78,78,82,Libya,LY,Middle East and Northern Africa,67,5.615,5.4060000000000015,5.824,1.0668799999999998,0.95076,0.52304,0.40671999999999997,0.10339000000000001,0.17087,2.39374,26.3351,17.228331
79,79,83,Lithuania,LT,Central and Eastern Europe,60,5.813,5.734,5.892,1.2692,1.0641100000000001,0.64674,0.18929,0.0182,0.02025,2.60525,55.169438,23.881275
80,80,84,Luxembourg,LU,Western Europe,20,6.871,6.803999999999999,6.938,1.6975200000000001,1.03999,0.8454200000000001,0.5487,0.35329,0.27571,2.11055,49.815273,6.1295829999999984
81,81,85,Macedonia,MK,Central and Eastern Europe,95,5.121,5.0169999999999995,5.225,1.0193,0.78236,0.6473800000000001,0.27668000000000004,0.07047,0.23506999999999997,2.08947,41.608635,21.745275
82,82,86,Madagascar,MG,Sub-Saharan Africa,148,3.695,3.6210000000000004,3.7689999999999997,0.27954,0.46115,0.37109000000000003,0.13684000000000002,0.07506,0.2204,2.15075,-18.766947,46.869107
83,83,87,Malawi,MW,Sub-Saharan Africa,132,4.1560000000000015,4.041,4.271,0.08709,0.147,0.29364,0.4143,0.07564,0.30968,2.82859,-13.254307999999998,34.301525
84,84,88,Malaysia,MY,Southeastern Asia,47,6.005,5.921,6.0889999999999995,1.25142,0.88025,0.62366,0.39031,0.09081,0.41473999999999994,2.35384,4.210483999999999,101.975766
85,85,89,Mali,ML,Sub-Saharan Africa,135,4.073,3.988,4.158,0.31292,0.8633299999999999,0.16347,0.27544,0.13647,0.21064000000000002,2.1108700000000002,17.570692,-3.996166000000001
86,86,90,Malta,MT,Western Europe,30,6.4879999999999995,6.409,6.567,1.30782,1.09879,0.80315,0.54994,0.17554,0.56237,1.99032,35.937496,14.375416
87,87,91,Mauritania,MR,Sub-Saharan Africa,130,4.2010000000000005,4.127,4.275,0.6139100000000001,0.8414200000000001,0.28639000000000003,0.1268,0.17955,0.22685999999999998,1.9263,21.00789,-10.940835
88,88,92,Mauritius,MU,Sub-Saharan Africa,66,5.648,5.5070000000000014,5.789,1.14372,0.75695,0.66189,0.46145,0.05202999999999999,0.36951,2.20223,-20.348404,57.55215200000001
89,89,93,Mexico,MX,Latin America and Caribbean,21,6.778,6.68,6.876,1.1150799999999998,0.7146,0.71143,0.37709000000000004,0.18355,0.11735,3.5590599999999997,23.634501,-102.552784
90,90,94,Moldova,MD,Central and Eastern Europe,55,5.897,5.8229999999999995,5.971,0.69177,0.8313200000000001,0.5230899999999999,0.25201999999999997,0.019030000000000002,0.19997,3.38007,47.411631,28.369885
91,91,95,Mongolia,MN,Eastern Asia,101,4.907,4.838,4.976,0.9885299999999999,1.0898299999999999,0.55469,0.35972,0.03285,0.34539000000000003,1.53586,46.862496,103.846656
92,92,96,Montenegro,ME,Central and Eastern Europe,88,5.1610000000000005,5.055,5.267,1.07838,0.74173,0.6353300000000001,0.15111,0.12721,0.17190999999999998,2.2553099999999997,42.708678000000006,19.37439
93,93,97,Morocco,MA,Middle East and Northern Africa,90,5.151,5.058,5.244,0.8405799999999999,0.38595,0.5947100000000001,0.25645999999999997,0.08404,0.040530000000000004,2.9489099999999997,31.791702,-7.0926199999999975
94,94,99,Myanmar,MM,Southeastern Asia,119,4.395,4.327,4.463,0.34112,0.69981,0.3988,0.42691999999999997,0.20243,0.81971,1.50655,21.916221,95.955974
95,95,100,Namibia,,Sub-Saharan Africa,113,4.574,4.374,4.774,0.9328700000000001,0.70362,0.34745,0.48613999999999996,0.10397999999999999,0.07795,1.92198,-22.95764,18.49041
96,96,101,Nepal,NP,Southern Asia,107,4.793,4.698,4.888,0.4462600000000001,0.69699,0.50073,0.37012,0.07007999999999999,0.3816,2.32694,28.394857,84.12400799999998
97,97,102,Netherlands,NL,Western Europe,7,7.338999999999999,7.284,7.394,1.46468,1.02912,0.8123100000000001,0.55211,0.29927,0.47416,2.70749,52.132633,5.291265999999999
98,98,103,New Zealand,NZ,Australia and New Zealand,8,7.334,7.2639999999999985,7.404,1.36066,1.17278,0.83096,0.5814699999999999,0.41903999999999997,0.4940100000000001,2.47553,-40.900557,174.88597099999996
99,99,104,Nicaragua,NC,Latin America and Caribbean,48,5.992000000000001,5.8770000000000024,6.107,0.69384,0.8952100000000001,0.65213,0.46581999999999996,0.16292,0.29773,2.82428,12.865416,-85.207229
100,100,105,Niger,NE,Sub-Saharan Africa,142,3.8560000000000003,3.781,3.931,0.1327,0.6053,0.26161999999999996,0.38040999999999997,0.17176,0.2097,2.09469,17.607789,8.081666
101,101,106,Nigeria,NG,Sub-Saharan Africa,103,4.875,4.75,5.0,0.75216,0.64498,0.05108,0.27854,0.0305,0.23219,2.8858599999999996,9.081999,8.675277000000001
102,102,107,North Cyprus,CY,Western Europe,62,5.771,5.67,5.872000000000001,1.31141,0.81826,0.8414200000000001,0.43596,0.16577999999999998,0.26322,1.9344700000000001,35.2480359,33.6577243
103,103,108,Norway,NO,Western Europe,4,7.4979999999999976,7.421,7.575,1.57744,1.1269,0.79579,0.59609,0.35775999999999997,0.37895,2.66465,60.47202399999999,8.468945999999999
104,104,110,Pakistan,PK,Southern Asia,92,5.1320000000000014,5.038,5.226,0.68816,0.26135,0.40306,0.14622000000000002,0.1388,0.31185,3.18286,30.375321000000003,69.34511599999999
105,105,111,Palestinian Territories,PS,Middle East and Northern Africa,108,4.754,4.649,4.859,0.67024,0.71629,0.56844,0.17744000000000001,0.10613,0.11154000000000001,2.40364,31.952162,35.233154
106,106,112,Panama,PA,Latin America and Caribbean,25,6.7010000000000005,6.601,6.801,1.18306,0.9891200000000001,0.70835,0.48927,0.08423,0.2418,3.00559,8.537981,-80.782127
107,107,113,Paraguay,PY,Latin America and Caribbean,70,5.537999999999999,5.452999999999999,5.6229999999999976,0.8937299999999999,1.11111,0.58295,0.46235,0.07396,0.25296,2.16091,-23.442503,-58.44383199999999
108,108,114,Peru,PE,Latin America and Caribbean,64,5.742999999999999,5.647,5.8389999999999995,0.9960200000000001,0.81255,0.6299399999999999,0.37501999999999996,0.05292,0.14527,2.73117,-9.189967,-75.015152
109,109,115,Philippines,PH,Southeastern Asia,82,5.279,5.16,5.398,0.81217,0.87877,0.4703600000000001,0.5485399999999999,0.11757000000000001,0.21674000000000002,2.23484,12.879721,121.774017
110,110,116,Poland,PL,Central and Eastern Europe,57,5.835,5.749,5.921,1.24585,1.04685,0.69058,0.4519,0.055,0.14443,2.20035,51.919438,19.145136
111,111,117,Portugal,PT,Western Europe,94,5.122999999999998,5.03,5.216,1.27607,0.9436700000000001,0.7936300000000001,0.44727,0.01521,0.11690999999999999,1.53015,39.39987199999999,-8.224454
112,112,118,Puerto Rico,PR,Latin America and Caribbean,15,7.039,6.794,7.284,1.35943,1.08113,0.77758,0.46823000000000004,0.12275,0.22202,3.0076,18.220833,-66.590149
113,113,119,Qatar,QA,Middle East and Northern Africa,36,6.375,6.178,6.572,1.82427,0.87964,0.71723,0.56679,0.48049,0.32388,1.5822399999999999,25.354826,51.183884
114,114,120,Romania,RO,Central and Eastern Europe,71,5.528,5.4270000000000005,5.629,1.1697,0.7280300000000001,0.67602,0.36712,0.006790000000000001,0.12889,2.4518400000000002,45.943161,24.96676
115,115,121,Russia,RU,Central and Eastern Europe,56,5.856,5.789,5.922999999999999,1.2322799999999998,1.05261,0.58991,0.32682,0.03586,0.027360000000000002,2.59115,61.52401,105.318756
116,116,122,Rwanda,RW,Sub-Saharan Africa,152,3.515,3.444,3.5860000000000003,0.32846,0.6158600000000001,0.31865,0.5432,0.50521,0.23551999999999998,0.96819,-1.940278,29.873888
117,117,123,Saudi Arabia,SA,Middle East and Northern Africa,34,6.379,6.287000000000001,6.471,1.48953,0.84829,0.59267,0.37904,0.30008,0.15457,2.61482,23.885942,45.079162
118,118,124,Senegal,SN,Sub-Saharan Africa,128,4.218999999999999,4.151,4.287,0.44314,0.7741600000000001,0.40457,0.31056,0.11681,0.19103,1.9786099999999998,14.497401000000002,-14.452362
119,119,125,Serbia,RS,Central and Eastern Europe,86,5.1770000000000005,5.083,5.271,1.03437,0.81329,0.6458,0.15718,0.04339,0.20736999999999997,2.2753900000000002,44.016521,21.005859
120,120,126,Sierra Leone,SL,Sub-Saharan Africa,111,4.635,4.505,4.765,0.36485,0.628,0.0,0.30685,0.08196,0.23897,3.01402,8.460555000000001,-11.779889
121,121,127,Singapore,SG,Southeastern Asia,22,6.739,6.6739999999999995,6.803999999999999,1.64555,0.8675799999999999,0.94719,0.4877,0.46986999999999995,0.32706,1.99375,1.352083,103.819836
122,122,128,Slovakia,SK,Central and Eastern Europe,45,6.077999999999999,5.996,6.16,1.27973,1.0826799999999999,0.70367,0.23390999999999998,0.02947,0.13837,2.61065,48.669026,19.699024
123,123,129,Slovenia,SI,Central and Eastern Europe,63,5.768,5.683,5.853,1.2994700000000001,1.05613,0.79151,0.53164,0.03635,0.25738,1.79522,46.151241,14.995463
124,124,130,Somalia,SO,Sub-Saharan Africa,76,5.44,5.3210000000000015,5.559,0.0,0.33613000000000004,0.11465999999999996,0.5677800000000001,0.3118,0.27225,3.8377199999999996,5.152149,46.199616
125,125,131,Somaliland Region,SO,Sub-Saharan Africa,97,5.0569999999999995,4.934,5.18,0.25558000000000003,0.75862,0.33108000000000004,0.3913,0.36794,0.51479,2.43801,9.4117434,46.8252838
126,126,132,South Africa,SO,Sub-Saharan Africa,116,4.459,4.371,4.547,1.02416,0.9605299999999999,0.18611,0.42483000000000004,0.08415,0.13656,1.6422700000000001,-30.559482,22.937506
127,127,133,South Korea,KR,Eastern Asia,57,5.835,5.747000000000001,5.922999999999999,1.35948,0.7219399999999999,0.88645,0.25168,0.07716,0.18824000000000002,2.35015,35.90775700000001,127.766922
128,128,134,South Sudan,SS,Sub-Saharan Africa,143,3.832,3.596,4.0680000000000005,0.39394,0.18519000000000002,0.15780999999999998,0.19662000000000002,0.13015,0.25899,2.50929,6.8769918999999975,31.3069788
129,129,135,Spain,ES,Western Europe,37,6.3610000000000015,6.287999999999999,6.434,1.34253,1.12945,0.8789600000000001,0.37545,0.061370000000000015,0.17665,2.39663,40.46366700000001,-3.74922
130,130,136,Sri Lanka,LK,Southern Asia,117,4.415,4.322,4.508,0.9731799999999999,0.84783,0.62007,0.50817,0.07964,0.46978000000000003,0.91681,7.873053999999999,80.77179699999998
131,131,137,Sudan,SD,Sub-Saharan Africa,133,4.138999999999999,3.928,4.35,0.63069,0.8192799999999999,0.29759,0.0,0.10039,0.18077000000000001,2.10995,12.862807,30.217636
132,132,138,Suriname,SR,Latin America and Caribbean,40,6.269,6.0729999999999995,6.465,1.09686,0.77866,0.5093300000000001,0.5223399999999999,0.12692,0.16665,3.06852,3.919305000000001,-56.02778299999999
133,133,140,Sweden,SE,Western Europe,10,7.291,7.227,7.355,1.45181,1.08764,0.83121,0.58218,0.40867,0.38254,2.54734,60.12816100000001,18.643501
134,134,141,Switzerland,CH,Western Europe,2,7.508999999999999,7.428,7.59,1.5273299999999999,1.14524,0.86303,0.58557,0.41203,0.28083,2.69463,46.818188,8.227511999999999
135,135,142,Syria,SY,Middle East and Northern Africa,156,3.069,2.9360000000000004,3.202,0.7471899999999999,0.14866,0.6299399999999999,0.06912,0.17232999999999998,0.48396999999999996,0.81789,34.80207499999999,38.99681500000001
136,136,143,Taiwan,TW,Eastern Asia,34,6.379,6.305,6.452999999999999,1.39729,0.92624,0.79565,0.32377,0.0663,0.25495,2.61523,23.69781,120.960515
137,137,144,Tajikistan,TJ,Central and Eastern Europe,100,4.996,4.923,5.069,0.48835,0.75602,0.5311899999999999,0.43408,0.13509000000000002,0.25998000000000004,2.39106,38.861034,71.276093
138,138,145,Tanzania,TZ,Sub-Saharan Africa,149,3.6660000000000004,3.5610000000000004,3.7710000000000004,0.47155,0.77623,0.35700000000000004,0.3176,0.05099,0.31472,1.3776899999999999,-6.369028,34.888822
139,139,146,Thailand,TH,Southeastern Asia,33,6.474,6.396,6.5520000000000005,1.0893,1.04477,0.64915,0.49553,0.02833,0.58696,2.5796,15.870032,100.992541
140,140,147,Togo,TG,Sub-Saharan Africa,155,3.303,3.1919999999999997,3.4139999999999997,0.28123000000000004,0.0,0.24811,0.34678000000000003,0.11587,0.17517,2.1354,8.619543,0.824782
141,141,148,Trinidad and Tobago,TT,Latin America and Caribbean,43,6.1679999999999975,5.95,6.386,1.32572,0.98569,0.52608,0.48453,0.01241,0.31935,2.5139400000000003,10.691803,-61.222503
142,142,149,Tunisia,TN,Middle East and Northern Africa,98,5.045,4.965,5.125,0.97724,0.43165,0.59577,0.23553000000000002,0.0817,0.03936,2.68413,33.886917,9.537499
143,143,150,Turkey,TR,Middle East and Northern Africa,78,5.388999999999999,5.295,5.483,1.1649200000000002,0.8771700000000001,0.64718,0.23889000000000002,0.12347999999999999,0.04707,2.29074,38.963745,35.243322
144,144,151,Turkmenistan,TM,Central and Eastern Europe,65,5.6579999999999995,5.58,5.7360000000000015,1.08017,1.03817,0.4400600000000001,0.37408,0.28467,0.22566999999999998,2.21489,38.969719,59.556278000000006
145,145,152,Uganda,UG,Sub-Saharan Africa,145,3.739,3.6289999999999996,3.8489999999999998,0.34719,0.90981,0.19625,0.43653000000000003,0.06442,0.27102,1.51416,1.373333,32.290275
146,146,153,Ukraine,UA,Central and Eastern Europe,123,4.324,4.2360000000000015,4.412,0.87287,1.01413,0.58628,0.12859,0.01829,0.20363,1.50066,48.379433,31.1655799
147,147,154,United Arab Emirates,AE,Middle East and Northern Africa,28,6.5729999999999995,6.494,6.652,1.57352,0.8711399999999999,0.72993,0.56215,0.35561,0.26591,2.21507,23.424076,53.847818
148,148,155,United Kingdom,GB,Western Europe,23,6.725,6.647,6.803,1.40283,1.0867200000000001,0.80991,0.50036,0.27399,0.50156,2.1499900000000003,55.378051,-3.435973
149,149,156,United States,US,North America,13,7.104,7.02,7.188,1.50796,1.04782,0.779,0.48163,0.14868,0.41076999999999997,2.72782,37.09024,-95.712891
150,150,157,Uruguay,UY,Latin America and Caribbean,29,6.545,6.456,6.6339999999999995,1.18157,1.0314299999999998,0.72183,0.54388,0.21394000000000002,0.18056,2.67139,-32.522779,-55.765835
151,151,158,Uzbekistan,UZ,Central and Eastern Europe,49,5.987,5.896,6.077999999999999,0.7359100000000001,1.1681,0.50163,0.60848,0.28333,0.34326,2.34638,41.377491,64.585262
152,152,159,Venezuela,VE,Latin America and Caribbean,44,6.084,5.973,6.195,1.1336700000000002,1.03302,0.6190399999999999,0.19847,0.08304,0.0425,2.9746799999999998,6.42375,-66.58973
153,153,160,Vietnam,VN,Southeastern Asia,96,5.061,4.9910000000000005,5.131,0.74037,0.7911699999999999,0.66157,0.5595399999999999,0.11556,0.25075,1.9418,14.058324,108.277199
154,154,161,Yemen,YE,Middle East and Northern Africa,147,3.7239999999999998,3.6210000000000004,3.827,0.57939,0.47493,0.31048000000000003,0.2287,0.058920000000000014,0.09821,1.97295,15.552727,48.516388
155,155,162,Zambia,ZM,Sub-Saharan Africa,106,4.795,4.645,4.945,0.61202,0.6376,0.23573000000000002,0.42662,0.11479,0.17865999999999999,2.5899099999999997,-13.133897,27.849332
156,156,163,Zimbabwe,ZW,Sub-Saharan Africa,131,4.1930000000000005,4.101,4.285,0.35041,0.71478,0.1595,0.25429,0.08582000000000001,0.18503,2.4427,-19.015438,29.154857
